Vocabulario;Uri;Respuesta;Acceso;Tag;
SAN;http://www.irit.fr/recherches/MELODI/ontologies/SAN;403;no;Support;IoT;
a-loc;https://w3id.org/arco/ontology/location;200;si;Geography;
ac;http://rs.tdwg.org/ac/terms/;200;si;Environment;Metadata;
acco;http://purl.org/acco/ns;200;si;eBusiness;
acl;http://www.w3.org/ns/auth/acl;200;si;API;
acm;http://www.rkbexplorer.com/ontologies/acm;200;si;Catalogs;
acrt;http://privatealpha.com/ontology/certification/1#;200;si;Quality;
adms;http://www.w3.org/ns/adms;200;si;Metadata;
af;http://purl.org/ontology/af/;200;si;Music;
agls;http://www.agls.gov.au/agls/terms;504;no;Metadata;
agr;http://promsns.org/def/agr;504;no;Government;Contracts;
agrelon;http://d-nb.info/standards/elementset/agrelon;200;si;People;
aiiso;http://purl.org/vocab/aiiso/schema;404;no;Academy;
airo;https://w3id.org/AIRO;200;si;Quality;Society;
airs;https://raw.githubusercontent.com/airs-linked-data/lov/latest/src/airs_vocabulary.ttl#;200;si;Services;
akt;http://www.aktors.org/ontology/portal;200;si;Society;
akts;http://www.aktors.org/ontology/support;200;si;Support;
algo;http://securitytoolbox.appspot.com/securityAlgorithms#;404;no;Security;
am;http://open-services.net/ns/asset#;406;no;PLM;
aml;https://w3id.org/i40/aml;200;si;Industry;Support;
amlo-core;http://w3id.org/amlo/core;200;si;Industry;Services;
amv;https://w3id.org/amv;404;no;Metadata;
ao;http://purl.org/ontology/ao/core#;200;si;Support;
aos;http://rdf.muninn-project.org/ontologies/appearances;200;si;People;
apco;https://purl.org/cm/onto/apco;200;si;Services;Government;
api;http://purl.org/linked-data/api/vocab#;404;no;RDF;
apps4X;http://semweb.mmlab.be/ns/apps4X;406;no;RDF;
arch;http://purl.org/archival/vocab/arch;504;no;Catalogs;
arco;https://w3id.org/arco/ontology/core;200;si;Society;Services;
arp;http://www.arpenteur.org/ontology/Arpenteur.owl;200;si;Geography;Geometry;
atd;https://data.nasa.gov/ontologies/atmonto/data#;200;si;IoT;Transport;
atm;https://data.nasa.gov/ontologies/atmonto/ATM#;200;si;Travel;Transport;
atts;https://data.nasa.gov/ontologies/atmonto/general#;200;si;Time;IoT;Geography;Geometry;
authn_provider;https://w3id.org/inrupt/namespace/vocab/authn_provider/;504;no;API;
awol;http://bblfish.net/work/atom-owl/2006-06-06/;504;no;API;
aws;http://purl.oclc.org/NET/ssnx/meteo/aws;200;si;Methods;Environment;IoT;
bag;http://bag.basisregistraties.overheid.nl/def/bag;200;si;Geography;
basic;http://def.seegrid.csiro.au/isotc211/iso19103/2005/basic;504;no;Methods;
bbc;http://www.bbc.co.uk/ontologies/bbc;404;no;Press;
bbccms;http://www.bbc.co.uk/ontologies/cms;404;no;API;
bbccore;http://www.bbc.co.uk/ontologies/coreconcepts;404;no;General & Upper;
bbcprov;http://www.bbc.co.uk/ontologies/provenance;404;no;Quality;
bci;https://w3id.org/BCI-ontology;504;no;IoT;
bcom;https://w3id.org/bcom;200;si;Industry;
being;http://contextus.net/ontology/ontomedia/ext/common/being#;403;no;Multimedia;
bevon;http://rdfs.co/bevon/;200;si;Food;
bibo;http://purl.org/ontology/bibo/;200;si;Catalogs;
bibtex;http://purl.org/net/nknouf/ns/bibtex;200;si;Catalogs;
bimerr-op;http://bimerr.iot.linkeddata.es/def/occupancy-profile#;200;si;Environment;People;
bio;http://purl.org/vocab/bio/0.1/;404;no;People;
biol;http://purl.org/NET/biol/ns#;200;si;Biology;
biopax;http://www.biopax.org/release/biopax-level3.owl;200;si;Biology;
biotop;http://purl.org/biotop/biotop.owl;200;si;Biology;
biro;http://purl.org/spar/biro;200;si;SPAR;
blt;http://www.bl.uk/schemas/bibliographic/blterms;504;no;Catalogs;
bot;http://swa.cefriel.it/ontologies/botdcat-ap;200;si;Catalogs;Services;
botany;http://purl.org/NET/biol/botany#;200;si;Biology;
bperson;http://data.vlaanderen.be/ns/persoon;200;si;Society;People;
br;http://vocab.deri.ie/br;404;no;Society;
brk;http://brk.basisregistraties.overheid.nl/def/brk;200;si;Environment;Geography;
brt;http://brt.basisregistraties.overheid.nl/def/top10nl;200;si;Geography;Environment;
bto;https://w3id.org/bot;200;si;Industry;
c4n;http://vocab.deri.ie/c4n;404;no;Contracts;
c4o;http://purl.org/spar/c4o;200;si;SPAR;
cal;http://www.w3.org/2002/12/cal/ical;406;no;Time;
caresses;http://caressesrobot.org/ontology;200;si;Health;
cart;http://purl.org/net/cartCoord#;200;si;Geography;Geometry;
caso;http://www.w3id.org/def/caso#;200;si;IoT;
cbcm;http://w3id.org/um/cbcm/eu-cm-ontology;200;si;eBusiness;Society;
cbo;http://comicmeta.org/cbo/;200;si;Image;Metadata;
cbs;http://betalinkeddata.cbs.nl/def/cbs;504;no;Geography;Government;
cc;http://creativecommons.org/ns;200;si;Metadata;
cci;http://cookingbigdata.com/linkeddata/ccinstances;200;si;Services;Industry;
cco;http://purl.org/ontology/cco/core#;200;si;People;
ccp;http://cookingbigdata.com/linkeddata/ccpricing;200;si;Industry;Support;
ccr;http://cookingbigdata.com/linkeddata/ccregions;200;si;Geography;Services;Industry;
ccsla;http://cookingbigdata.com/linkeddata/ccsla;200;si;Services;Support;
cdc;https://w3id.org/cdc;200;si;Industry;
cdesc;https://w3id.org/arco/ontology/context-description;200;si;Society;General & Upper;
cdm;http://purl.org/twc/ontology/cdm.owl#;200;si;RDF;
cdtype;http://purl.org/cld/cdtype/;200;si;Catalogs;
cem;https://w3id.org/CEMontology;504;no;Events;Methods;
ceo;http://www.ebusiness-unibw.org/ontologies/consumerelectronics/v1;200;si;Industry;
cerif;http://www.eurocris.org/ontologies/cerif/1.3;404;no;General & Upper;
cert;http://www.w3.org/ns/auth/cert#;200;si;Quality;
cevent;https://w3id.org/arco/ontology/cultural-event;200;si;Events;
cff;http://purl.oclc.org/NET/ssnx/cf/cf-feature;200;si;Environment;
cfp;http://purl.oclc.org/NET/ssnx/cf/cf-property;200;si;Environment;IoT;
cfrl;http://linkeddata.finki.ukim.mk/lod/ontology/cfrl#;406;no;eBusiness;
cgov;http://reference.data.gov.uk/def/central-government;504;no;Government;
chord;http://purl.org/ontology/chord/;200;si;Music;
ci;https://privatealpha.com/ontology/content-inventory/1#;200;si;Metadata;
cis;http://dati.beniculturali.it/cultural-ON/cultural-ON.owl;200;si;Events;Government;Multimedia;
citedcat;https://w3id.org/citedcat-ap;200;si;Catalogs;Methods;
cito;http://purl.org/spar/cito;200;si;SPAR;
citof;http://www.essepuntato.it/2013/03/cito-functions;404;no;SPAR;
cl;http://advene.org/ns/cinelab/ld;200;si;Multimedia;
cld;http://purl.org/cld/terms/;200;si;Catalogs;
cmo;http://purl.org/twc/ontologies/cmo.owl;404;no;General & Upper;
cnt;http://www.w3.org/2011/content;200;si;RDF;
co;http://purl.org/ontology/co/core#;200;si;Methods;
cochrane;http://data.cochrane.org/ontologies/core/;403;no;Health;Society;
cocoon;https://w3id.org/cocoon/v1.0;200;si;Services;Contracts;
cogs;http://vocab.deri.ie/cogs;404;no;RDF;
cold;http://purl.org/configurationontology;200;si;eBusiness;
coll;http://purl.org/co;404;no;Support;
comm;http://vocab.resc.info/communication;200;si;Society;
common;http://www.w3.org/2007/uwa/context/deliverycontext.owl;200;si;Multimedia;Support;
con;http://www.w3.org/2000/10/swap/pim/contact;200;si;People;
contax;https://w3id.org/con-tax;200;si;Industry;
conversion;http://purl.org/twc/vocab/conversion/;200;si;RDF;
coo;http://purl.org/coo/ns#;200;si;Industry;
core;https://w3id.org/mdo/core/;200;si;Industry;
coun;http://www.daml.org/2001/09/countries/iso-3166-ont;404;no;Geography;
cpa;http://www.ontologydesignpatterns.org/schemas/cpannotationschema.owl;200;si;Metadata;
cpmeta;http://meta.icos-cp.eu/ontologies/cpmeta/;200;si;Environment;
crm;http://www.cidoc-crm.org/cidoc-crm/;200;si;General & Upper;
cro;http://rhizomik.net/ontologies/copyrightonto.owl;200;si;Multimedia;
crsw;http://courseware.rkbexplorer.com/ontologies/courseware;504;no;Academy;
cs;http://purl.org/vocab/changeset/schema;200;si;Quality;
csp;http://vocab.deri.ie/csp;404;no;Industry;
csvw;http://www.w3.org/ns/csvw#;406;no;W3C Rec;Vocabularies;
ct;http://www.tele.pw.edu.pl/~sims-onto/ConnectivityType.owl;200;si;Security;
ctag;http://commontag.org/ns#;504;no;Tag;
ctlog;https://w3id.org/arco/ontology/catalogue;200;si;Catalogs;
cto;https://w3id.org/cto;200;si;Industry;
ctorg;http://purl.org/ctic/infraestructuras/organizacion;503;no;Government;
ctrl;https://w3id.org/ibp/CTRLont;200;si;Services;
ctxdesc;http://www.demcare.eu/ontologies/contextdescriptor.owl;404;no;Metadata;
cwmo;http://purl.org/cwmo/#;200;si;Image;Multimedia;
cwork;http://www.bbc.co.uk/ontologies/creativework;404;no;Catalogs;
cwrc;http://sparql.cwrc.ca/ontologies/cwrc;200;si;Society;People;
d2rq;http://www.wiwiss.fu-berlin.de/suhl/bizer/D2RQ/0.1;404;no;RDF;
dady;http://vocab.deri.ie/dady;404;no;RDF;
daia;http://purl.org/ontology/daia;404;no;Catalogs;
daq;http://purl.org/eis/vocab/daq#;503;no;Quality;
dataid;http://dataid.dbpedia.org/ns/core#;200;si;Metadata;
date;http://contextus.net/ontology/ontomedia/misc/date#;403;no;Time;
datex;http://vocab.datex.org/terms#;404;no;Travel;Services;Government;
dave;http://theme-e.adaptcentre.ie/dave/dave.ttl;503;no;General & Upper;Geometry;IoT;
dba;https://w3id.org/dba/ontology/;200;si;Catalogs;
dbm;http://purl.org/net/dbm/ontology#;406;no;Health;
dbowl;http://ontology.cybershare.utep.edu/dbowl;200;si;Methods;
dbpedia-owl;http://dbpedia.org/ontology/;200;si;General & Upper;
dbug;http://ontologi.es/doap-bugs#;200;si;Methods;
dcam;http://purl.org/dc/dcam/;200;si;General & Upper;
dcat;http://www.w3.org/ns/dcat;200;si;W3C Rec;
dce;http://purl.org/dc/elements/1.1/;200;si;Metadata;
dcite;http://purl.org/spar/datacite;200;si;SPAR;
dcndl;http://ndl.go.jp/dcndl/terms/;200;si;Metadata;
dco;https://w3id.org/dco;404;no;IoT;
dcterms;http://purl.org/dc/terms/;200;si;Metadata;
dctype;http://purl.org/dc/dcmitype/;200;si;General & Upper;
ddesc;https://w3id.org/arco/ontology/denotative-description;200;si;General & Upper;Society;
decision;https://decision-ontology.googlecode.com/svn/trunk/decision.owl;404;no;Support;
demlab;http://www.demcare.eu/ontologies/demlab.owl;404;no;Health;
deo;http://purl.org/spar/deo;200;si;SPAR;
deps;http://ontologi.es/doap-deps#;200;si;Methods;
dfc;http://static.datafoodconsortium.org/ontologies/DFC_FullModel.owl;504;no;Food;
dfc-b;http://static.datafoodconsortium.org/ontologies/DFC_BusinessOntology.owl;504;no;Food;eBusiness;
dfc-p;http://static.datafoodconsortium.org/ontologies/DFC_ProductGlossary.owl;504;no;Food;Metadata;
dfc-t;http://static.datafoodconsortium.org/ontologies/DFC_TechnicalOntology.owl;504;no;Support;Food;
dg;https://w3id.org/dingo/;200;si;Support;Services;
dicom;http://purl.org/healthcarevocab/v1;200;si;Health;
dio;https://w3id.org/dio;200;si;Methods;Services;
disco;http://rdf-vocabulary.ddialliance.org/discovery;404;no;Methods;
dita;http://purl.org/dita/ns#;200;si;RDF;
dk;http://www.data-knowledge.org/dk/;504;no;Vocabularies;Industry;Methods;eBusiness;
dm2e;http://onto.dm2e.eu/schemas/dm2e;504;no;Metadata;
dnbt;http://d-nb.info/standards/elementset/dnb;200;si;Metadata;
doap;http://usefulinc.com/ns/doap#;200;si;Society;
doc;http://www.w3.org/2000/10/swap/pim/doc;200;si;Catalogs;
doco;http://purl.org/spar/doco;200;si;SPAR;
docso;http://purl.org/ontology/dso;504;no;Services;
dogont;http://elite.polito.it/ontologies/dogont.owl;200;si;Environment;IoT;
donto;http://reference.data.gov.au/def/ont/dataset;200;si;Metadata;Government;
dot;https://w3id.org/dot#;200;si;Industry;Geography;
dpn;http://purl.org/dpn;504;no;Services;Support;
dprov;http://promsns.org/def/decprov;504;no;Vocabularies;
dq;http://def.seegrid.csiro.au/isotc211/iso19115/2003/dataquality;504;no;Quality;
dqc;http://semwebquality.org/ontologies/dq-constraints;200;si;eBusiness;Quality;
dqm;http://purl.org/dqm-vocabulary/v1/dqm;200;si;Quality;
dqv;http://www.w3.org/ns/dqv;200;si;Quality;
dr;http://purl.org/swan/2.0/discourse-relationships/;404;no;Support;
drama;http://www.purl.org/drammar;200;si;Multimedia;
drm;http://vocab.data.gov/def/drm;504;no;General & Upper;
ds;http://purl.org/ctic/dcat#;503;no;Catalogs;
dsd;https://w3id.org/dsd;200;si;API;Catalogs;
dsn;http://purl.org/dsnotify/vocab/eventset/;200;si;RDF;
dso;http://inference-web.org/2.0/ds.owl;436;no;General & Upper;
dtx_srti;http://cef.uv.es/lodroadtran18/def/transporte/dtx_srti;200;si;Transport;
dtype;http://www.linkedmodel.org/schema/dtype;200;si;RDF;
dul;http://www.ontologydesignpatterns.org/ont/dul/DUL.owl;200;si;General & Upper;
duv;http://www.w3.org/ns/duv;406;no;People;Society;
dvia;http://purl.org/ontology/dvia;200;no;API;
eac-cpf;http://archivi.ibc.regione.emilia-romagna.it/ontology/eac-cpf/;200;si;Catalogs;
earl;http://www.w3.org/ns/earl;200;si;Quality;
earth;http://linked.earth/ontology#;200;si;Society;Environment;
ebg;http://data.businessgraph.io/ontology#;200;si;eBusiness;
ebucore;http://www.ebu.ch/metadata/ontologies/ebucore/ebucore;404;no;Multimedia;
eccrev;https://vocab.eccenca.com/revision/;404;no;RDF;
ecfo;https://w3id.org/ecfo;200;si;Environment;
eclap;http://www.eclap.eu/schema/eclap/;504;no;Multimedia;
ecpo;http://purl.org/ontology/ecpo;200;si;Time;Press;
ecrm;http://erlangen-crm.org/current/;200;si;General & Upper;
edac;http://ontology.cybershare.utep.edu/ELSEWeb/elseweb-edac.owl;200;si;Catalogs;Support;
edm;http://www.europeana.eu/schemas/edm/;504;no;Catalogs;
edu;https://schema.edu.ee/;200;si;Academy;
edupro;http://ns.inria.fr/semed/eduprogression/;200;si;Support;Academy;
eem;http://purl.org/eem;504;no;Events;
eeo;https://w3id.org/eeo;200;si;Methods;
ei2a;https://opendata.aragon.es/def/ei2a/ei2a.owl;200;si;Government;Vocabularies;
elec;http://purl.org/ctic/sector-publico/elecciones;503;no;Government;
eli;http://data.europa.eu/eli/ontology;406;no;Contracts;FRBR;
emotion;http://ns.inria.fr/emoca;200;si;People;
emp;http://purl.org/ctic/empleo/oferta;503;no;Society;
ends;http://labs.mondeca.com/vocab/endpointStatus;200;si;API;
ep;http://eprints.org/ontology/;200;si;Catalogs;
eppl;https://w3id.org/ep-plan;200;si;Methods;IoT;
eqp;https://data.nasa.gov/ontologies/atmonto/equipment#;200;si;Transport;Industry;Travel;
era;http://data.europa.eu/949/;406;no;Transport;Travel;
esco;http://data.europa.eu/esco/model;200;si;Services;Society;
essglobal;http://purl.org/essglobal/vocab/;406;no;Society;
eupont;http://elite.polito.it/ontologies/eupont.owl;200;si;IoT;
eurio;http://data.europa.eu/s66#;200;si;Academy;Metadata;
event;http://purl.org/NET/c4dm/event.owl;200;si;Events;
ex;http://purl.org/net/ns/ex;200;si;Metadata;
exif;http://www.w3.org/2003/12/exif/ns;200;si;Image;
ext;http://def.seegrid.csiro.au/isotc211/iso19115/2003/extent;504;no;Geometry;
fabio;http://purl.org/spar/fabio;200;si;SPAR;
faldo;http://biohackathon.org/resource/faldo;200;si;Geography;
fea;http://vocab.data.gov/def/fea;504;no;Government;
fel;http://w3id.org/vcb/fel#;200;si;Vocabularies;
fiesta-iot;http://purl.org/iot/ontology/fiesta-iot;200;si;IoT;
fiesta-priv;http://purl.org/iot/ontology/fiesta-priv#;200;si;IoT;
foaf;http://xmlns.com/foaf/0.1/;200;si;People;
fog;https://w3id.org/fog;200;si;Geometry;
foio;https://w3id.org/seas/FeatureOfInterestOntology;200;si;Events;
food;http://data.lirmm.fr/ontologies/food;504;no;Food;
fowl;http://www.w3.org/TR/2003/PR-owl-guide-20031215/food;200;si;Food;
frad;http://iflastandards.info/ns/fr/frad/;415;no;FRBR;
frapo;http://purl.org/cerif/frapo/;404;no;Academy;
frappe;http://streamreasoning.org/ontologies/frappe#;404;no;Geography;Multimedia;
frbr;http://purl.org/vocab/frbr/core;200;si;FRBR;
frbre;http://purl.org/vocab/frbr/extended;200;si;FRBR;
frbrer;http://iflastandards.info/ns/fr/frbr/frbrer/;415;no;FRBR;
fresnel;http://www.w3.org/2004/09/fresnel;200;si;RDF;
g50k;http://data.ordnancesurvey.co.uk/ontology/50kGazetteer/;404;no;Geography;
game;http://data.totl.net/game/;200;si;Games;
gc;http://www.oegov.org/core/owl/gc;200;si;Government;
gci;http://ontology.eil.utoronto.ca/GCI/Foundation/GCI-Foundation.owl;200;si;Society;
gcon;https://w3id.org/GConsent;200;si;People;Society;
gd;http://vocab.data.gov/gd;504;no;Government;
gdprov;https://w3id.org/GDPRov;200;si;Quality;Society;People;
gdprt;https://w3id.org/GDPRtEXT;200;si;Society;People;Metadata;
gen;http://purl.org/gen/0.1#;404;no;People;
geo;http://www.w3.org/2003/01/geo/wgs84_pos;200;si;Geography;
geod;http://vocab.lenka.no/geo-deling;500;no;Geography;
geof;http://www.mindswap.org/2003/owl/geo/geoFeatures20040307.owl;504;no;Geography;
geofla;http://data.ign.fr/def/geofla;200;si;Geography;
geom;http://data.ign.fr/def/geometrie;200;si;Geometry;
geop;http://aims.fao.org/aos/geopolitical.owl;404;no;Geography;
geosp;http://rdf.geospecies.org/ont/geospecies;404;no;Environment;
gf;http://def.seegrid.csiro.au/isotc211/iso19109/2005/feature;504;no;Geography;
gleif-L1;https://www.gleif.org/ontology/L1/;200;si;People;
gleif-L2;https://www.gleif.org/ontology/L2/;200;si;People;
gleif-base;https://www.gleif.org/ontology/Base/;200;si;People;Geography;
gleif-elf;https://www.gleif.org/ontology/EntityLegalForm/;200;si;Contracts;Industry;
gleif-geo;https://www.gleif.org/ontology/Geocoding/;200;si;Geography;
gleif-ra;https://www.gleif.org/ontology/RegistrationAuthority/;200;si;Contracts;
gleif-repex;https://www.gleif.org/ontology/ReportingException/;200;si;Events;
gm;http://def.seegrid.csiro.au/isotc211/iso19107/2003/geometry;504;no;Geometry;
gml;http://www.opengis.net/ont/gml;200;si;Geometry;
gn;http://www.geonames.org/ontology;200;si;Geography;
gndo;http://d-nb.info/standards/elementset/gnd#;200;si;Catalogs;
gold;http://purl.org/linguistics/gold;200;si;Vocabularies;
gom;https://w3id.org/gom;200;si;Metadata;Geometry;
gov;http://gov.genealogy.net/ontology.owl;200;si;Society;Time;
gr;http://purl.org/goodrelations/v1;200;si;eBusiness;
grddl;http://www.w3.org/2003/g/data-view;200;si;Vocabularies;
gso;http://www.w3.org/2006/gen/ont;200;si;Support;
gsp;http://www.opengis.net/ont/geosparql;200;si;Geometry;
gtfs;http://vocab.gtfs.org/terms#;200;si;Travel;
gts;http://resource.geosciml.org/ontology/timescale/gts;200;si;Time;
gufo;http://purl.org/nemo/gufo#;200;si;General & Upper;Events;
gvp;http://vocab.getty.edu/ontology;200;si;Vocabularies;
h2o;http://def.seegrid.csiro.au/isotc211/iso19150/-2/2012/basic;504;no;Methods;
ha;http://sensormeasurement.appspot.com/ont/home/homeActivity#;200;si;Environment;
hctl;https://www.w3.org/2019/wot/hypermedia#;406;no;Multimedia;
hdo;http://www.samos.gr/ontologies/helpdeskOnto.owl;504;no;Support;
hifm;http://purl.org/net/hifm/ontology#;406;no;Health;Biology;
holding;http://purl.org/ontology/holding;200;si;Catalogs;
holy;http://purl.org/holy/ns#;406;no;Environment;
hosp;http://vocab.data.gov/hosp;504;no;Health;
hpont;https://w3id.org/hpont;200;si;IoT;Transport;
hr;http://iserve.kmi.open.ac.uk/ns/hrests;200;si;API;
hto;http://vcharpenay.github.io/hto/hto.xml;200;si;Industry;
http;http://www.w3.org/2011/http;200;si;API;
hw;https://www.auto.tuwien.ac.at/downloads/thinkhome/ontology/WeatherOntology.owl;504;no;Environment;IoT;
hydra;http://www.w3.org/ns/hydra/core;200;si;RDF;
iadopt;https://w3id.org/iadopt/ont;200;si;Biology;Environment;
ibis;https://privatealpha.com/ontology/ibis/1#;200;si;Society;People;
ic;http://ontology.eil.utoronto.ca/icontact.owl;200;si;People;
iddo;https://w3id.org/iddo;200;si;Catalogs;Support;
idemo;http://rdf.insee.fr/def/demo;404;no;Methods;
identity;http://www.identity.org/ontologies/identity.owl;404;no;Security;
ids;https://w3id.org/idsa/core;200;si;API;Catalogs;Services;Contracts;
ifc;https://w3id.org/ifc/IFC4_ADD1;200;si;IoT;Environment;
igeo;http://rdf.insee.fr/def/geo;404;no;Geography;
ignf;http://data.ign.fr/def/ignf;200;si;Geography;
imo;http://imgpedia.dcc.uchile.cl/ontology;406;no;Image;
incident;http://vocab.resc.info/incident;200;si;Methods;
infor;http://www.ontologydesignpatterns.org/cp/owl/informationrealization.owl;200;si;Support;
inno;http://purl.org/innovation/ns;200;si;Industry;
interval;http://reference.data.gov.uk/def/intervals;504;no;Time;
iol;http://www.ontologydesignpatterns.org/ont/dul/IOLite.owl;200;si;General & Upper;
iot-lite;http://purl.oclc.org/NET/UNIS/fiware/iot-lite#;200;si;Environment;IoT;
iot-tta;https://w3id.org/iot-tta;200;si;IoT;Industry;
ioto;http://www.irit.fr/recherches/MELODI/ontologies/IoT-O;403;no;Services;IoT;
iottaxolite;http://purl.org/iot/vocab/iot-taxonomy-lite#;504;no;IoT;
ipo;http://purl.org/ipo/core;200;si;Methods;
irao;http://ontology.ethereal.cz/irao;200;si;API;Catalogs;
irw;http://www.ontologydesignpatterns.org/ont/web/irw.owl;200;si;Quality;
is;http://purl.org/ontology/is/core#;200;si;Services;
isbd;http://iflastandards.info/ns/isbd/elements/;415;no;Metadata;Catalogs;
iso-thes;http://purl.org/iso25964/skos-thes;504;no;Vocabularies;
iso37120;http://ontology.eil.utoronto.ca/ISO37120.owl;200;si;General & Upper;Society;
isoadr;http://reference.data.gov.au/def/ont/iso19160-1-address;200;si;Vocabularies;Quality;Geography;Tag;
ispra;http://dati.isprambiente.it/ontology/core#;200;si;Catalogs;Environment;
istex;https://data.istex.fr/ontology/istex#;200;si;Academy;Metadata;Press;
itm;http://spi-fm.uca.es/spdef/models/genericTools/itm/1.0;504;no;PLM;
itsmo;http://ontology.it/itsmo/v1;403;no;Services;
ivoam;http://www.ivoa.net/rdf/messenger;200;si;Image;Industry;
jsonsc;https://www.w3.org/2019/wot/json-schema#;406;no;IoT;RDF;
jup;http://w3id.org/charta77/jup;200;si;Society;
juso;http://rdfs.co/juso/;200;si;Geography;Geometry;
juso.kr;http://rdfs.co/juso/kr/;200;si;Geometry;Geography;
kdo;http://kdo.render-project.eu/kdo#;200;si;Quality;
kees;http://linkeddata.center/kees/v1;403;no;Services;Industry;
keys;http://purl.org/NET/c4dm/keys.owl;200;si;Music;
kgc;http://kgc.knowledge-graph.jp/ontology/kgc.owl;200;si;Academy;Support;
km4c;http://www.disit.org/km4city/schema;200;si;Society;Environment;Services;
label;http://purl.org/net/vocab/2004/03/label;503;no;Vocabularies;
lawd;http://lawd.info/ontology/;404;no;Catalogs;
lc;http://semweb.mmlab.be/ns/linkedconnections#Ontology;406;no;Transport;
lcy;http://purl.org/vocab/lifecycle/schema;200;si;PLM;
ldp;http://www.w3.org/ns/ldp#;200;si;API;
ldr;http://purl.oclc.org/NET/ldr/ns#;200;si;Contracts;
ldvm;http://linked.opendata.cz/ontology/ldvm/;504;no;Methods;
lemon;http://lemon-model.net/lemon;200;si;Vocabularies;
lexdcp;http://www.w3.org/ns/lemon/decomp;200;si;Support;Tag;
lexinfo;http://www.lexinfo.net/ontology/2.0/lexinfo;200;si;Vocabularies;
lgdo;http://linkedgeodata.org/ontology;404;no;Geography;
lh;https://w3id.org/legalhtml/ov;200;si;Metadata;
li;http://def.seegrid.csiro.au/isotc211/iso19115/2003/lineage;504;no;Support;
lib;http://purl.org/library/;504;no;Catalogs;
lifecycle;http://www.irit.fr/recherches/MELODI/ontologies/IoT-Lifecycle;403;no;Services;
lime;http://www.w3.org/ns/lemon/lime;200;si;General & Upper;Support;
limo;http://purl.org/limo-ontology/limo/;504;no;Methods;
limoo;http://purl.org/LiMo/0.1#;504;no;Metadata;
lingvo;https://w3id.org/vocab/lingvoj;200;si;Vocabularies;
lio;http://purl.org/net/lio;200;si;Image;
llont;http://www.linklion.org/ontology;504;no;Services;
lmm1;http://www.ontologydesignpatterns.org/ont/lmm/LMM_L1.owl;200;si;Vocabularies;
lmm2;http://www.ontologydesignpatterns.org/ont/lmm/LMM_L2.owl;200;si;Vocabularies;
loc;http://purl.org/ctic/infraestructuras/localizacion;503;no;Geography;
locah;http://data.archiveshub.ac.uk/def/;504;no;Catalogs;
locn;http://www.w3.org/ns/locn;200;si;Geography;Geometry;
lode;http://linkedevents.org/ontology/;504;no;Events;
log;http://www.w3.org/2000/10/swap/log;200;si;RDF;
lom;http://data.opendiscoveryspace.eu/lom_ontology_ods.owl;504;no;Metadata;
losp;http://sparql.sstu.ru:3030/speciality/;504;no;Tag;Support;
loted;http://loted.eu/ontology;404;no;Contracts;
lsc;http://linkedscience.org/lsc/ns#;403;no;Methods;
lslife;http://ontology.cybershare.utep.edu/ELSEWeb/elseweb-lifemapper.owl;200;si;Services;Support;
lsmap;http://ontology.cybershare.utep.edu/ELSEWeb/mappings/elseweb-mappings.owl;200;si;Support;
lsq;http://lsq.aksw.org/vocab;200;si;Metadata;Support;
lsweb;http://ontology.cybershare.utep.edu/ELSEWeb/elseweb-data.owl;200;si;Metadata;
lswmo;http://ontology.cybershare.utep.edu/ELSEWeb/elseweb-modelling.owl;200;si;Support;Services;
lswpm;http://ontology.cybershare.utep.edu/ELSEWeb/elseweb-lifemapper-parameters.owl;200;si;Support;
ludo;http://ns.inria.fr/ludo;200;si;Games;
ludo-gm;http://ns.inria.fr/ludo/v1/gamemodel#;200;si;Games;
ludo-gp;http://ns.inria.fr/ludo/v1/gamepresentation#;200;si;Games;
ludo-vc;http://ns.inria.fr/ludo/v1/virtualcontext#;200;si;Games;
ludo-xapi;http://ns.inria.fr/ludo/v1/xapi;200;si;API;
lv;http://purl.org/lobid/lv;200;si;Catalogs;
lvont;http://lexvo.org/ontology;200;si;Vocabularies;
lyou;http://purl.org/linkingyou/;404;no;Multimedia;
m3lite;http://purl.org/iot/vocab/m3-lite#;200;si;Services;IoT;
m4i;http://w3id.org/nfdi4ing/metadata4ing#;200;si;Academy;Metadata;
ma-ont;http://www.w3.org/ns/ma-ont;200;si;Multimedia;
mads;http://www.loc.gov/mads/rdf/v1;200;si;Metadata;
marl;http://www.gsi.dit.upm.es/ontologies/marl/ns;504;no;Support;
maso;http://securitytoolbox.appspot.com/MASO;404;no;Security;
md;http://def.seegrid.csiro.au/isotc211/iso19115/2003/metadata;504;no;Geography;
mdi;https://w3id.org/multidimensional-interface/ontology;503;no;Multimedia;
mdo;https://w3id.org/mdo/full/;200;si;Biology;Support;
mdo-calc;https://w3id.org/mdo/calculation/;200;si;Biology;Support;
mdo-struc;https://w3id.org/mdo/structure/;200;si;Biology;Support;
mdoprov;https://w3id.org/mdo/provenance/;200;si;Metadata;
mdr;http://semanticturkey.uniroma2.it/ns/mdr;200;si;Metadata;
meb;http://rdf.myexperiment.org/ontologies/base/;504;no;Academy;
media;http://purl.org/media;504;no;Multimedia;
medred;http://w3id.org/medred/medred#;200;si;Health;Biology;
mexalgo;http://mex.aksw.org/mex-algo;200;si;Methods;
mexcore;http://mex.aksw.org/mex-core;200;si;Methods;
mexperf;http://mex.aksw.org/mex-perf;200;si;Methods;
mil;http://rdf.muninn-project.org/ontologies/military;200;si;Society;
mls;http://www.w3.org/ns/mls;406;no;Support;Methods;
mo;http://purl.org/ontology/mo/;200;si;Music;
moac;http://www.observedchange.com/moac/ns#;436;no;Environment;
moat;http://moat-project.org/ns#;504;no;Tag;
mod;http://www.isibang.ac.in/ns/mod;200;si;Metadata;
modsci;https://w3id.org/skgo/modsci#;404;no;Society;Academy;
mrel;http://id.loc.gov/vocabulary/relators;200;si;Vocabularies;
msm;http://iserve.kmi.open.ac.uk/ns/msm;200;si;API;
msr;http://www.telegraphis.net/ontology/measurement/measurement#;404;no;Methods;
mtlo;http://www.ics.forth.gr/isl/MarineTLO/v4/marinetlo.owl;504;no;Biology;
munc;http://ns.inria.fr/munc/;200;si;Metadata;
mus;http://data.doremus.org/ontology#;200;si;Music;FRBR;
music;http://www.kanzaki.com/ns/music;200;si;Events;
muto;http://purl.org/muto/core;504;no;Tag;
mv;http://schema.mobivoc.org/;503;no;Services;IoT;Transport;
mvco;http://purl.oclc.org/NET/mvco.owl;504;no;Multimedia;
nao;http://www.semanticdesktop.org/ontologies/2007/08/15/nao;200;si;SSDesk;
nas;https://data.nasa.gov/ontologies/atmonto/NAS#;200;si;Transport;Travel;
ncal;http://www.semanticdesktop.org/ontologies/2007/04/02/ncal;200;si;Time;
nco;http://www.semanticdesktop.org/ontologies/2007/03/22/nco;200;si;SSDesk;
nen2660;https://w3id.org/nen2660/;200;si;Industry;
nen3610;http://modellen.geostandaarden.nl/def/nen3610;200;si;Geography;
nfo;http://www.semanticdesktop.org/ontologies/2007/03/22/nfo;200;si;SSDesk;
ngeo;http://geovocab.org/geometry;200;si;Geometry;
nie;http://www.semanticdesktop.org/ontologies/2007/01/19/nie;200;si;SSDesk;
nif;http://persistence.uni-leipzig.org/nlp2rdf/ontologies/nif-core#;200;si;Vocabularies;
nlon;http://lod.nl.go.kr/ontology/;406;no;Catalogs;
nno;https://w3id.org/nno/ontology;404;no;Support;Methods;
noria;https://w3id.org/noria/ontology/;200;si;API;
np;http://www.nanopub.org/nschema;504;no;Methods;Metadata;
npg;http://ns.nature.com/terms/;200;si;Press;
nrl;http://www.semanticdesktop.org/ontologies/2007/08/15/nrl;200;si;SSDesk;
nrv;http://ns.inria.fr/nrv;200;si;Security;Methods;
nsl;http://purl.org/ontology/storyline;404;no;Press;
ntag;http://ns.inria.fr/nicetag/2010/09/09/voc;200;si;Tag;
oa;http://www.w3.org/ns/oa#;200;si;Quality;
oad;http://culturalis.org/oad#;200;si;Catalogs;
oae;http://www.ics.forth.gr/isl/oae/core;504;no;Metadata;
oan;http://data.lirmm.fr/ontologies/oan;504;no;Government;
obo;http://purl.obolibrary.org/obo/obi.owl;200;si;Biology;Health;
obsm;http://rdf.geospecies.org/methods/observationMethod.rdf;404;no;Biology;
obws;http://delicias.dia.fi.upm.es/ontologies/ObjectWithStates.owl;200;si;Methods;
oc;http://contextus.net/ontology/ontomedia/core/expression#;403;no;Multimedia;
ocd;http://dati.camera.it/ocd/;200;si;Government;
ocds;http://purl.org/onto-ocds/ocds;404;no;Contracts;
odapp;http://vocab.deri.ie/odapp;404;no;API;
odapps;http://semweb.mmlab.be/ns/odapps;406;no;RDF;
odpart;http://www.ontologydesignpatterns.org/cp/owl/participation.owl;200;si;Support;
odrl;http://www.w3.org/ns/odrl/2/;200;si;Metadata;
odrs;http://schema.theodi.org/odrs;200;si;Quality;
odv;http://reference.data.gov.uk/def/organogram;504;no;Methods;
oecc;http://www.oegov.org/core/owl/cc;200;si;Metadata;
of;http://owlrep.eu01.aws.af.cm/fridge;404;no;Industry;IoT;
ofo;https://w3id.org/ofo#;200;si;IoT;Services;
ofrd;http://purl.org/opdm/refrigerator#;200;si;Industry;
og;http://ogp.me/ns;404;no;API;
oh;http://semweb.mmlab.be/ns/oh;406;no;Time;
olca;https://w3id.org/vocab/olca;200;si;Metadata;
olo;http://purl.org/ontology/olo/core#;200;si;Support;
om;http://def.seegrid.csiro.au/isotc211/iso19156/2011/observation;504;no;Geography;
omg;https://w3id.org/omg;200;si;Geometry;
oml;http://def.seegrid.csiro.au/ontology/om/om-lite;504;no;Geography;
omn;http://open-multinet.info/ontology/omn;504;no;Services;
omnfed;http://open-multinet.info/ontology/omn-federation;504;no;Society;Industry;
omnlc;http://open-multinet.info/ontology/omn-lifecycle;504;no;PLM;
onc;http://www.ics.forth.gr/isl/oncm/core;504;no;Methods;
ont;http://purl.org/net/ns/ontology-annot;200;si;Metadata;
ontolex;http://www.w3.org/ns/lemon/ontolex;200;si;Support;Tag;
ontopic;http://www.ontologydesignpatterns.org/ont/dul/ontopic.owl;200;si;Vocabularies;
ontosec;http://www.semanticweb.org/ontologies/2008/11/OntologySecurity.owl;504;no;Security;
ontouml;https://w3id.org/ontouml;200;si;Methods;RDF;
onyx;http://www.gsi.dit.upm.es/ontologies/onyx/ns;504;no;Support;
oo;http://purl.org/openorg/;404;no;Society;
op;http://environment.data.gov.au/def/op;200;si;Methods;
open311;http://ontology.eil.utoronto.ca/open311.owl;200;si;Society;Events;
opm;https://w3id.org/opm;200;si;Environment;IoT;
opmo;http://openprovenance.org/model/opmo;404;no;Quality;
opmv;http://purl.org/net/opmv/ns#;410;no;Quality;
opmw;http://www.opmw.org/ontology/;504;no;Methods;
opo;http://online-presence.net/opo/ns#;504;no;People;
opus;http://lsdis.cs.uga.edu/projects/semdis/opus#;504;no;Catalogs;
orca;http://vocab.deri.ie/orca;404;no;Metadata;
ore;http://www.openarchives.org/ore/terms/;200;si;Catalogs;
org;http://www.w3.org/ns/org#;200;si;W3C Rec;
orges;http://datos.gob.es/def/sector-publico/organizacion#;404;no;Government;
osadm;http://data.ordnancesurvey.co.uk/ontology/admingeo/;404;no;Geography;
osgeom;http://data.ordnancesurvey.co.uk/ontology/geometry/;404;no;Geometry;
oslc;http://open-services.net/ns/core#;406;no;PLM;
oslo;http://purl.org/oslo/ns/localgov;200;si;Society;
osp;http://data.lirmm.fr/ontologies/osp;504;no;Society;
osr;http://contextus.net/ontology/ontomedia/core/space#;403;no;Geography;
osspr;http://data.ordnancesurvey.co.uk/ontology/spatialrelations/;404;no;Geometry;
ostop;http://www.ordnancesurvey.co.uk/ontology/Topography/v0.1/Topography.owl;404;no;Geography;
otl;https://w3id.org/opentrafficlights;200;si;Services;
oum;http://www.ontology-of-units-of-measure.org/resource/om-2/;500;no;IoT;Services;
ov;http://open.vocab.org/terms;504;no;General & Upper;
owl;http://www.w3.org/2002/07/owl;200;si;W3C Rec;
p-plan;http://purl.org/net/p-plan#;200;si;Methods;
parl;http://reference.data.gov.uk/def/parliament;504;no;Government;
part;http://purl.org/vocab/participation/schema;404;no;Society;
passim;http://data.lirmm.fr/ontologies/passim;504;no;Travel;
pat;http://purl.org/hpi/patchr#;504;no;RDF;
pattern;http://www.essepuntato.it/2008/12/pattern;200;si;Catalogs;
pav;http://purl.org/pav/;200;si;Quality;
pay;http://reference.data.gov.uk/def/payment#;504;no;Contracts;
pbo;http://purl.org/ontology/pbo/core#;200;si;Music;
pc;http://purl.org/procurement/public-contracts;200;si;Contracts;
pdo;http://vocab.deri.ie/pdo;404;no;Society;
peco;https://w3id.org/peco;200;si;Environment;
pep;https://w3id.org/pep/;200;si;Industry;Services;Methods;
person;http://www.w3.org/ns/person;200;si;People;
pext;http://www.ontotext.com/proton/protonext;403;no;PROTON;
phdd;http://rdf-vocabulary.ddialliance.org/phdd;404;no;CSV;
pico;http://data.cochrane.org/ontologies/pico/;403;no;Health;Society;
pimsii;http://www.molmod.info/semantics/pims-ii.ttl;200;si;Metadata;
place;http://purl.org/ontology/places;404;no;Geography;
plink;http://cedric.cnam.fr/isid/ontologies/PersonLink.owl;200;si;People;
plo;http://purl.org/net/po#;406;no;Music;
pmlp;http://inference-web.org/2.0/pml-provenance.owl;436;no;Quality;
pmofn;http://premon.fbk.eu/ontology/fn;200;si;Tag;
pmonb;http://premon.fbk.eu/ontology/nb;200;si;Tag;
pmopb;http://premon.fbk.eu/ontology/pb;200;si;Tag;
pmovn;http://premon.fbk.eu/ontology/vn;200;si;Tag;
pna;http://data.press.net/ontology/asset/;504;no;Press;
pnc;http://data.press.net/ontology/classification/;504;no;Catalogs;
pne;http://data.press.net/ontology/event/;504;no;Press;
pni;http://data.press.net/ontology/identifier/;504;no;Support;
pns;http://data.press.net/ontology/stuff/;504;no;Press;
pnt;http://data.press.net/ontology/tag/;504;no;Tag;
po;http://purl.org/ontology/po/;404;no;Multimedia;
poder;http://dev.poderopedia.com/vocab/schema;504;no;People;
poso;http://purl.org/poso/;200;si;Geography;Geometry;
posocm;http://purl.org/poso/common/;200;si;Services;Geometry;
postcode;http://data.ordnancesurvey.co.uk/ontology/postcode/;404;no;Geography;
poste;http://data.lirmm.fr/ontologies/poste;504;no;Society;
ppo;http://vocab.deri.ie/ppo;404;no;API;
pproc;http://contsem.unizar.es/def/sector-publico/pproc;200;si;Contracts;
pr;http://purl.org/ontology/prv/core#;200;si;RDF;
premis;http://www.loc.gov/premis/rdf/v1;200;si;Catalogs;
prissma;http://ns.inria.fr/prissma/v2#;200;si;API;
pro;http://purl.org/spar/pro;504;no;SPAR;
prof;http://www.w3.org/ns/dx/prof;200;si;RDF;Metadata;
prog;http://purl.org/prog/;504;no;Events;
prov;http://www.w3.org/ns/prov#;200;si;W3C Rec;
provoc;http://ns.inria.fr/provoc;200;si;eBusiness;
prv;http://purl.org/net/provenance/ns#;200;si;Quality;
prvt;http://purl.org/net/provenance/types#;200;si;Quality;
psh;http://ns.inria.fr/probabilistic-shacl/;200;si;Quality;RDF;
pso;http://purl.org/spar/pso;200;si;SPAR;
ptop;http://www.ontotext.com/proton/protontop;403;no;PROTON;
pubsub;https://vocab.eccenca.com/pubsub/;404;no;API;Services;
puv;https://w3id.org/env/puv;200;si;Environment;Methods;
pwo;http://purl.org/spar/pwo;200;si;SPAR;
qb;http://purl.org/linked-data/cube;200;si;Methods;W3C Rec;
qb4o;http://purl.org/qb4olap/cubes;200;si;Catalogs;
qu;http://purl.oclc.org/NET/ssnx/qu/qu;200;si;Methods;
qudt;http://qudt.org/schema/qudt;200;si;Methods;
r-arco;https://w3id.org/arco/ontology/arco;200;si;Catalogs;
r4r;http://guava.iis.sinica.edu.tw/r4r;504;no;Support;Quality;
radion;http://www.w3.org/ns/radion#;200;si;Metadata;
rains;https://w3id.org/rains;200;si;API;Methods;
rami;https://w3id.org/i40/rami/;200;si;Industry;
raul;http://vocab.deri.ie/raul;404;no;API;
rb;https://w3id.org/riverbench/schema/metadata;200;si;Metadata;Catalogs;
rbdoc;https://w3id.org/riverbench/schema/documentation;200;si;Catalogs;Metadata;
rdaa;http://rdaregistry.info/Elements/a;406;no;FRBR;
rdac;http://rdaregistry.info/Elements/c;406;no;FRBR;
rdae;http://rdaregistry.info/Elements/e;406;no;FRBR;
rdafrbr;http://rdvocab.info/uri/schema/FRBRentitiesRDA;200;si;FRBR;
rdag1;http://rdvocab.info/Elements;200;si;Metadata;
rdag2;http://rdvocab.info/ElementsGr2;200;si;Metadata;
rdag3;http://rdvocab.info/ElementsGr3;200;si;Metadata;
rdai;http://rdaregistry.info/Elements/i;406;no;FRBR;
rdam;http://rdaregistry.info/Elements/m;406;no;FRBR;
rdarel;http://rdvocab.info/RDARelationshipsWEMI;200;si;Metadata;
rdarel2;http://metadataregistry.org/uri/schema/RDARelationshipsGR2;200;si;People;
rdarole;http://rdvocab.info/roles;200;si;FRBR;
rdau;http://rdaregistry.info/Elements/u;406;no;FRBR;
rdaw;http://rdaregistry.info/Elements/w;406;no;FRBR;
rdf;http://www.w3.org/1999/02/22-rdf-syntax-ns#;200;si;W3C Rec;
rdfa;http://www.w3.org/ns/rdfa#;200;si;RDF;
rdfg;http://www.w3.org/2004/03/trix/rdfg-1/;200;si;RDF;
rdfp;https://w3id.org/rdfp/;404;no;API;RDF;
rdfs;http://www.w3.org/2000/01/rdf-schema#;200;si;W3C Rec;
rdft;http://www.w3.org/ns/rdftest;406;no;RDF;W3C Rec;
react;https://w3id.org/react;200;si;Environment;IoT;
rec;http://purl.org/ontology/rec/core#;200;si;Rec;
rec54;http://www.w3.org/2001/02pd/rec54#;200;si;Metadata;
reco;http://purl.org/reco#;504;no;RDF;Methods;
reegle;http://reegle.info/schema;200;si;Environment;
rel;http://purl.org/vocab/relationship/;200;si;People;
remetca;http://www.purl.org/net/remetca#;504;no;SPAR;
rev;http://purl.org/stuff/rev#;200;si;Rec;
rico;https://www.ica.org/standards/RiC/ontology;200;si;Catalogs;Multimedia;
rlog;http://persistence.uni-leipzig.org/nlp2rdf/ontologies/rlog#;200;si;API;
rml;http://w3id.org/rml/core;200;si;W3C Rec;RDF;
rml-cc;http://w3id.org/rml/cc/;200;si;W3C Rec;RDF;
rml-fnml;http://w3id.org/rml/fnml/;200;si;RDF;W3C Rec;
rml-io;http://w3id.org/rml/io/;200;si;RDF;W3C Rec;
rml-star;http://w3id.org/rml/star/;200;si;W3C Rec;RDF;
ro;http://purl.org/wf4ever/ro;200;si;Metadata;
roh;http://w3id.org/roh;504;no;Support;Academy;
rooms;http://vocab.deri.ie/rooms;404;no;Environment;Geography;
rov;http://www.w3.org/ns/regorg;200;si;Society;
rr;http://www.w3.org/ns/r2rml#;200;si;RDF;
rsctx;http://softeng.polito.it/rsctx;200;si;Services;API;
rss;http://purl.org/rss/1.0;200;si;API;
rto;https://w3id.org/rail/topo#;200;si;Transport;
ru;http://purl.org/imbi/ru-meta.owl;200;si;Metadata;
ruto;http://rdfunit.aksw.org/ns/core#;200;si;Quality;
s4ac;http://ns.inria.fr/s4ac/v2;200;si;API;
s4agri;https://saref.etsi.org/saref4agri/;200;si;IoT;Food;
s4bldg;https://saref.etsi.org/saref4bldg/;200;si;IoT;
s4city;https://saref.etsi.org/saref4city/;200;si;IoT;Government;
s4ehaw;https://saref.etsi.org/saref4ehaw/;200;si;IoT;
s4ener;https://saref.etsi.org/saref4ener/;200;si;Services;Environment;
s4envi;https://saref.etsi.org/saref4envi/;200;si;IoT;Environment;
s4inma;https://saref.etsi.org/saref4inma/;200;si;IoT;Industry;
s4syst;https://saref.etsi.org/saref4syst/;200;si;IoT;
s4watr;https://saref.etsi.org/saref4watr/;200;si;IoT;Environment;
s4wear;https://saref.etsi.org/saref4wear/;200;si;IoT;
sam;http://def.seegrid.csiro.au/isotc211/iso19156/2011/sampling;504;no;Methods;
samfl;http://def.seegrid.csiro.au/ontology/om/sam-lite;504;no;Geography;
san-lod;http://dati.san.beniculturali.it/SAN/;200;si;Catalogs;
sao;http://salt.semanticauthoring.org/ontologies/sao;504;no;Metadata;
saont;https://w3id.org/sao;200;si;API;Support;
saref;https://saref.etsi.org/core/;200;si;Services;Industry;IoT;
saws;http://purl.org/saws/ontology;200;si;Catalogs;
sbeo;https://w3id.org/sbeo;200;si;IoT;Services;
schema;http://schema.org/;200;si;General & Upper;
scip;http://lod.taxonconcept.org/ontology/sci_people.owl;200;si;Academy;
scoro;http://purl.org/spar/scoro/;404;no;Academy;
scot;http://rdfs.org/scot/ns#;200;si;Tag;
scovo;http://vocab.deri.ie/scovo;404;no;Methods;
scsv;http://vocab.deri.ie/scsv;404;no;CSV;
sd;http://www.w3.org/ns/sparql-service-description;200;si;W3C Rec;
sdm;https://w3id.org/vocab/sdm;200;si;Metadata;
sdmx;http://purl.org/linked-data/sdmx;200;si;Methods;
sdmx-code;http://purl.org/linked-data/sdmx/2009/code;200;si;Methods;
sdmx-dimension;http://purl.org/linked-data/sdmx/2009/dimension;200;si;Methods;
sdo;http://salt.semanticauthoring.org/ontologies/sdo;504;no;Catalogs;
sdont;https://w3id.org/okn/o/sd;200;si;Metadata;Methods;
sealit;http://www.sealitproject.eu/ontology/;200;si;Travel;Events;
search;http://vocab.deri.ie/search;404;no;API;
seas;https://w3id.org/seas/;200;si;Industry;
seas-eval;https://w3id.org/seas/EvaluationOntology;200;si;Methods;Support;
seas-op;https://w3id.org/seas/OperatingOntology;200;si;Industry;
seas-qudt;https://w3id.org/seas/QUDTAlignment;200;si;Industry;
seas-stats;https://w3id.org/seas/StatisticsOntology;200;si;Methods;Industry;
seas-sys;https://w3id.org/seas/SystemOntology;200;si;Industry;
seasb;https://w3id.org/seas/BatteryOntology;200;si;IoT;Environment;Industry;
seasbo;https://w3id.org/seas/BuildingOntology;200;si;Society;Environment;
seasd;https://w3id.org/seas/DeviceOntology;200;si;IoT;Environment;Industry;
seasfo;https://w3id.org/seas/ForecastingOntology;200;si;IoT;Environment;
seast;https://w3id.org/seas/TimeOntology;200;si;Time;IoT;Environment;Industry;
seasto;https://w3id.org/seas/TradingOntology;200;si;Environment;Industry;Services;
security;http://securitytoolbox.appspot.com/securityMain;404;no;Security;
sem;http://semanticweb.cs.vu.nl/2009/11/sem/;200;si;Events;
semio;http://www.lingvoj.org/semio.rdf;436;no;Vocabularies;
semiotics;http://www.ontologydesignpatterns.org/cp/owl/semiotics.owl;200;si;Metadata;General & Upper;
semsur;http://purl.org/SemSur/;404;no;Methods;
seo;https://w3id.org/seo;200;si;Academy;Events;
seq;http://www.ontologydesignpatterns.org/cp/owl/sequence.owl;200;si;Support;
service;http://purl.org/ontology/service;200;si;Services;
sf;http://www.opengis.net/ont/sf;200;si;Geometry;
sh;http://www.w3.org/ns/shacl#;200;si;W3C Rec;Quality;
shoah;http://dati.cdec.it/lod/shoah/;200;si;People;
shw;http://paul.staroch.name/thesis/SmartHomeWeather.owl#;200;si;Environment;IoT;
sim;http://purl.org/ontology/similarity/;504;no;Support;
simu;https://www.w3id.org/simulation/ontology/;200;si;General & Upper;
sio;http://semanticscience.org/ontology/sio.owl;200;si;Biology;
sioc;http://rdfs.org/sioc/ns#;200;si;Society;
situ;http://www.ontologydesignpatterns.org/cp/owl/situation.owl;200;si;Events;
skos;http://www.w3.org/2004/02/skos/core;200;si;W3C Rec;
skosxl;http://www.w3.org/2008/05/skos-xl;200;si;W3C Rec;
smg;http://ns.cerise-project.nl/energy/def/cim-smartgrid;504;no;Industry;
snarm;http://rdf.myexperiment.org/ontologies/snarm/;504;no;API;
solid;http://www.w3.org/ns/solid/terms;200;si;Services;General & Upper;
sor;http://purl.org/net/soron;504;no;People;
sosa;http://www.w3.org/ns/sosa/;200;si;IoT;Environment;
sp;http://spinrdf.org/sp;200;si;RDF;
spatial;http://geovocab.org/spatial;200;si;Geometry;
spcm;http://spi-fm.uca.es/spdef/models/deployment/spcm/1.0;504;no;PLM;
spfood;http://kmi.open.ac.uk/projects/smartproducts/ontologies/food.owl;200;si;Food;
spin;http://spinrdf.org/spin;200;si;RDF;
sport;http://www.bbc.co.uk/ontologies/sport;404;no;Events;
spt;http://spitfire-project.eu/ontology/ns;200;si;Methods;IoT;
spvqa;https://bmake.th-brandenburg.de/spv;504;no;Tag;Vocabularies;Quality;
sql;http://ns.inria.fr/ast/sql#;200;si;API;
ssn;http://www.w3.org/ns/ssn/;200;si;Methods;IoT;
ssno;http://www.w3.org/ns/ssn/;200;si;IoT;W3C Rec;
ssso;http://purl.org/ontology/ssso;504;no;Services;
st;http://semweb.mmlab.be/ns/stoptimes#Ontology;406;no;Society;Travel;
stac;http://securitytoolbox.appspot.com/stac;404;no;Security;
step;http://purl.org/net/step;200;si;Geography;Time;
sto;https://w3id.org/i40/sto#;200;si;Industry;
stories;http://purl.org/ontology/stories/;404;no;Events;
summa;http://purl.org/voc/summa/;200;si;API;
sur;https://www.w3id.org/survey-ontology;200;si;Methods;
sw-quality;https://w3id.org/squap/;404;no;Quality;Industry;
swc;http://data.semanticweb.org/ns/swc/ontology;504;no;Society;Academy;
swemls;https://w3id.org/semsys/ns/swemls;200;si;Methods;Metadata;
swp;http://www.w3.org/2004/03/trix/swp-1;200;si;RDF;
swpm;http://spi-fm.uca.es/spdef/models/deployment/swpm/1.0;504;no;PLM;
swpo;http://sw-portal.deri.org/ontologies/swportal;409;no;Society;
swrc;http://swrc.ontoware.org/ontology-07;200;si;Academy;
swrl;http://www.w3.org/2003/11/swrl;406;no;Vocabularies;
synsem;http://www.w3.org/ns/lemon/synsem;200;si;Tag;Support;
tac;http://ns.bergnet.org/tac/0.1/triple-access-control;404;no;API;
tag;http://www.holygoat.co.uk/owl/redwood/0.1/tags/;404;no;Tag;
tao;http://vocab.deri.ie/tao;404;no;Quality;
tax;https://w3id.org/EUTaxO;200;si;Biology;
taxon;http://purl.org/biodiversity/taxon/;200;si;Biology;
taxref-ld;http://taxref.mnhn.fr/lod/taxref-ld;406;no;Environment;Biology;
tb;https://w3id.org/timebank;200;si;Services;eBusiness;
td;https://www.w3.org/2019/wot/td;404;no;IoT;Services;
tddfa;https://w3id.org/todo/tododfa;200;si;Services;Industry;
tddial;https://w3id.org/todo/tododial;200;si;Services;Industry;
tddm;https://w3id.org/todo/tododm;200;si;Services;Industry;
tddom;https://w3id.org/todo/tododom;200;si;Services;Industry;
tddt;https://w3id.org/todo/tododt;200;si;Services;Industry;
tddw;https://w3id.org/todo/tododw;200;si;Services;Industry;
te;http://www.w3.org/2006/time-entry;200;si;Time;
teach;http://linkedscience.org/teach/ns#;403;no;Academy;
tempo;http://purl.org/tempo;504;no;Time;
test;http://www.w3.org/2006/03/test-description;200;si;Quality;
tfo;https://privatealpha.com/ontology/transformation/1#;200;si;Methods;
theatre;http://purl.org/theatre#;200;si;Events;
thors;http://resource.geosciml.org/ontology/timescale/thors;200;si;Time;
ti;http://www.ontologydesignpatterns.org/cp/owl/timeinterval.owl;200;si;Time;
time;http://www.w3.org/2006/time;200;si;Time;
tio;http://purl.org/tio/ns#;200;si;eBusiness;
tis;http://www.ontologydesignpatterns.org/cp/owl/timeindexedsituation.owl;200;si;Events;
tisc;http://www.observedchange.com/tisc/ns#;436;no;Events;
tl;http://purl.org/NET/c4dm/timeline.owl;200;si;Time;
tm;http://def.seegrid.csiro.au/isotc211/iso19108/2002/temporal;504;no;Time;
tmo;http://www.w3.org/2001/sw/hcls/ns/transmed/;404;no;Health;
toco;http://purl.org/toco/;404;no;API;
todo;https://w3id.org/todo;200;si;Services;Industry;
topo;http://data.ign.fr/def/topo;200;si;Geography;
tp;http://tour-pedia.org/download/tp.owl;200;si;Events;Travel;
traffic;http://www.sensormeasurement.appspot.com/ont/transport/traffic;200;si;Industry;
trait;http://contextus.net/ontology/ontomedia/ext/common/trait#;403;no;Multimedia;
transit;http://vocab.org/transit/terms/;404;no;Travel;
trao;http://linkeddata.finki.ukim.mk/lod/ontology/tao#;406;no;Services;Travel;Transport;
tree;https://w3id.org/tree;200;si;Support;Methods;
tresiot;https://liidr.org/trust-recommendation-in-social-internet-of-things/;200;si;IoT;
tribont;https://w3id.org/tribont;200;si;Methods;
tribont-core;https://w3id.org/tribont/core;200;si;Methods;
tribont-equipment;https://w3id.org/tribont/equipment;200;si;Methods;
tribont-material;https://w3id.org/tribont/material;200;si;Methods;
tribont-sample;https://w3id.org/tribont/sample;200;si;Methods;
tsioc;http://rdfs.org/sioc/types#;200;si;Society;
tsn;http://purl.org/net/tsn#;200;si;Geography;Geometry;Government;
tsnc;http://purl.org/net/tsnchange#;200;si;Geography;Geometry;Government;Metadata;
turismo;http://idi.fundacionctic.org/cruzar/turismo;504;no;Travel;
tvc;http://www.essepuntato.it/2012/04/tvc;200;si;Time;
txn;http://lod.taxonconcept.org/ontology/txn.owl;200;si;Biology;
tzont;http://www.w3.org/2006/timezone;200;si;Time;
uby;http://purl.org/olia/ubyCat.owl;200;si;Support;Tag;
uco;http://purl.org/uco/ns#;404;no;eBusiness;
ucum;http://purl.oclc.org/NET/muo/ucum/;504;no;General & Upper;
ui;http://www.w3.org/ns/ui;200;si;Support;
uiot;http://www.w3id.org/urban-iot/core;200;si;IoT;Services;
uiote;http://www.w3id.org/urban-iot/electric;200;si;IoT;Transport;
uiots;http://www.w3id.org/urban-iot/sharing;200;si;Transport;Services;
umbel;http://umbel.org/umbel;405;no;General & Upper;
uneskos;http://purl.org/umu/uneskos;200;si;RDF;
uniprot;http://purl.uniprot.org/core/;200;si;Biology;
uri4uri;http://uri4uri.net/vocab;504;no;API;
usability;https://w3id.org/usability;200;si;Support;Events;
va;http://code-research.eu/ontology/visual-analytics;404;no;Methods;
vaem;http://www.linkedmodel.org/schema/vaem;200;si;Metadata;
vag;http://www.essepuntato.it/2013/10/vagueness;404;no;Support;
vann;http://purl.org/vocab/vann/;200;si;Metadata;
vartrans;http://www.w3.org/ns/lemon/vartrans;200;si;Support;
vcard;http://www.w3.org/2006/vcard/ns;200;si;People;
vdpp;http://data.lirmm.fr/ontologies/vdpp;504;no;Quality;
veo;http://linkeddata.finki.ukim.mk/lod/ontology/veo#;406;no;Environment;Industry;
vgo;http://purl.org/net/VideoGameOntology;200;si;Games;
vin;http://www.w3.org/TR/2003/PR-owl-guide-20031209/wine;200;si;Food;
vir;http://w3id.org/vir#;200;si;Multimedia;
vivo;http://vivoweb.org/ontology/core;200;si;Academy;
vmm;http://spi-fm.uca.es/spdef/models/genericTools/vmm/1.0;504;no;PLM;
voaf;http://purl.org/vocommons/voaf;200;si;Metadata;
voag;http://voag.linkedmodel.org/schema/voag;404;no;Quality;
vocals;http://w3id.org/rsp/vocals#;200;si;IoT;
void;http://vocab.deri.ie/void;406;no;Metadata;
voidext;http://purl.org/query/voidext;200;si;Metadata;
voidwh;http://www.ics.forth.gr/isl/VoIDWarehouse/VoID_Extension_Schema.owl;504;no;Metadata;
vra;http://simile.mit.edu/2003/10/ontologies/vraCore3#;404;no;Image;
vrank;http://vocab.sti2.at/vrank;200;si;Methods;
vs;http://www.w3.org/2003/06/sw-vocab-status/ns;200;si;Metadata;
vsearch;http://purl.org/vsearch/;404;no;Vocabularies;
vso;http://purl.org/vso/ns;200;si;eBusiness;
vvo;http://purl.org/vvo/ns#;200;si;Industry;eBusiness;
w3c-ssn;https://www.w3.org/ns/ssn;200;si;IoT;Environment;
wai;http://purl.org/wai#;504;no;People;
wdrs;http://www.w3.org/2007/05/powder-s;200;si;API;
wf-invoc;http://purl.org/net/wf-invocation;200;si;Methods;
wfdesc;http://purl.org/wf4ever/wfdesc;200;si;PLM;
wfm;http://purl.org/net/wf-motifs;200;si;Methods;
wfont;https://w3id.org/wfont;200;si;IoT;Environment;
wfprov;http://purl.org/wf4ever/wfprov;200;si;PLM;
whisky;http://vocab.org/whisky/terms;200;si;Food;
whois;http://www.kanzaki.com/ns/whois;200;si;People;
wi;http://purl.org/ontology/wi/core#;200;si;People;
wikibase;http://wikiba.se/ontology;502;no;Metadata;Multimedia;
wikim;http://spi-fm.uca.es/spdef/models/genericTools/wikim/1.0;504;no;PLM;
wl;http://www.wsmo.org/ns/wsmo-lite#;200;si;API;
wlo;http://purl.org/ontology/wo/;404;no;Biology;
wo;http://purl.org/ontology/wo/core#;200;si;Methods;
wot;http://xmlns.com/wot/0.1/;200;si;Quality;Security;
wotsec;https://www.w3.org/2019/wot/security#;406;no;Security;IoT;
xapi;http://purl.org/xapi/ontology#;200;si;API;
xbrll;https://w3id.org/vocab/xbrll;200;si;Industry;Services;
xhv;http://www.w3.org/1999/xhtml/vocab;406;no;API;
xkos;http://rdf-vocabulary.ddialliance.org/xkos;404;no;Vocabularies;
xsd;http://www.w3.org/2001/XMLSchema;200;si;W3C Rec;
yoga;https://yogaontology.org/ontology/;404;no;People;Health;
zbwext;http://zbw.eu/namespaces/zbw-extensions;404;no;Vocabularies;
